一日中開催イベント	#FF0000
月曜ステージ	1000
火曜ステージ	1001
水曜ステージ	1002
木曜ステージ	1003
金曜ステージ	1004
土日ステージ	1027
進化の緑マタタビ	1097
進化の紫マタタビ	1098
進化の赤マタタビ	1099
進化の青マタタビ	1100
進化の黄マタタビ	1101
紅のカタストロフ	1014
国士無双	1016
ダークネスヘブン	1015
鉄子の部屋	1043
天罰	1039
絶望異次元	1066
緊急爆風警報	1096
ローリングデッド	1122
絶望新次元	1157
台風零号	1189
絶・紅のカタストロフ	1169
絶・ダークネスヘブン	1172
絶・国士無双	1176
絶・天罰	1185
絶・鉄子の部屋	1187
絶・絶望異次元	1193
絶・緊急爆風警報	1195
絶・断罪天使クオリネル降臨	1196
絶・ローリングデッド	1198
断罪天使クオリネル降臨	1095
女帝飛来	1119
地獄門	1117
亡者デブウ降臨	1128
チワワン伯爵降臨	1158
夜は短し夢みよ乙女	1177
ブルーインパクト	1215
ほの暗い沼の底から	1226
奈落門	1217
聖者ポプウ降臨	1219
古王妃飛来	1220
綺羅星ペロ降臨	1229
死霊妖精クオリネム降臨	1231
はじめてのお遣い	1232
絶・地獄門	1199
絶・女帝飛来	1201
絶・絶望新次元	1203
絶・亡者デブウ降臨	1205
絶・チワワン伯爵降臨	1207
絶・夜は短し夢みよ乙女	1214
狂乱のネコ降臨	1017
狂乱のタンク降臨	1018
狂乱のバトル降臨	1019
狂乱のキモネコ降臨	1020
狂乱のウシ降臨	1021
狂乱のトリ降臨	1022
狂乱のフィッシュ降臨	1023
狂乱のトカゲ降臨	1024
狂乱の巨神降臨	1025
狂乱のもねこ降臨	1161
大狂乱のネコ降臨	1102
大狂乱のタンク降臨	1103
大狂乱のバトル降臨	1104
大狂乱のキモネコ降臨	1105
大狂乱のウシ降臨	1106
大狂乱のトリ降臨	1107
大狂乱のフィッシュ降臨	1108
大狂乱のトカゲ降臨	1109
大狂乱の巨神降臨	1110
開眼のちびネコ襲来！	1130
開眼のちびタンクネコ襲来！	1131
開眼のちびバトルネコ襲来！	1132
開眼のちびキモネコ襲来！	1133
開眼のちびウシネコ襲来！	1134
開眼のちびネコノトリ襲来！	1135
開眼のちびネコフィッシュ襲来！	1136
開眼のちびネコトカゲ襲来！	1137
開眼のちびネコ巨神襲来！	1138
