警戒Lv.1,警戒Lv.2,警戒Lv.3,警戒Lv.4,警戒Lv.5,警戒Lv.6,警戒Lv.7,警戒Lv.8,警戒Lv.9,警戒Lv.10,警戒Lv.11,警戒Lv.12,警戒Lv.13,警戒Lv.14,警戒Lv.15,警戒Lv.16,警戒Lv.17,警戒Lv.18,警戒Lv.19,警戒Lv.20,＠
警戒Lv.21,警戒Lv.22,警戒Lv.23,警戒Lv.24,警戒Lv.25,警戒Lv.26,警戒Lv.27,警戒Lv.28,警戒Lv.29,警戒Lv.30,警戒Lv.31,警戒Lv.32,警戒Lv.33,警戒Lv.34,警戒Lv.35,警戒Lv.36,警戒Lv.37,警戒Lv.38,警戒Lv.39,警戒Lv.40,＠
警戒Lv.41,警戒Lv.42,警戒Lv.43,警戒Lv.44,警戒Lv.45,警戒Lv.46,警戒Lv.47,警戒Lv.48,警戒Lv.49,警戒Lv.50,警戒Lv.51,警戒Lv.52,警戒Lv.53,警戒Lv.54,警戒Lv.55,警戒Lv.56,警戒Lv.57,警戒Lv.58,警戒Lv.59,警戒Lv.60,＠
暴走Lv.1,暴走Lv.2,暴走Lv.3,暴走Lv.4,暴走Lv.5,暴走Lv.6,暴走Lv.7,暴走Lv.8,暴走Lv.9,暴走Lv.10,暴走Lv.11,暴走Lv.12,暴走Lv.13,暴走Lv.14,暴走Lv.15,暴走Lv.16,暴走Lv.17,暴走Lv.18,暴走Lv.19,暴走Lv.20,＠
暴走Lv.21,暴走Lv.22,暴走Lv.23,暴走Lv.24,暴走Lv.25,暴走Lv.26,暴走Lv.27,暴走Lv.28,暴走Lv.29,暴走Lv.30,暴走Lv.31,暴走Lv.32,暴走Lv.33,暴走Lv.34,暴走Lv.35,暴走Lv.36,暴走Lv.37,暴走Lv.38,暴走Lv.39,暴走Lv.40,＠
暴走Lv.41,暴走Lv.42,暴走Lv.43,暴走Lv.44,暴走Lv.45,暴走Lv.46,暴走Lv.47,暴走Lv.48,暴走Lv.49,暴走Lv.50,暴走Lv.51,暴走Lv.52,暴走Lv.53,暴走Lv.54,暴走Lv.55,暴走Lv.56,暴走Lv.57,暴走Lv.58,暴走Lv.59,暴走Lv.60,＠
飛来Lv.1,飛来Lv.2,飛来Lv.3,飛来Lv.4,飛来Lv.5,飛来Lv.6,飛来Lv.7,飛来Lv.8,飛来Lv.9,飛来Lv.10,飛来Lv.11,飛来Lv.12,飛来Lv.13,飛来Lv.14,飛来Lv.15,飛来Lv.16,飛来Lv.17,飛来Lv.18,飛来Lv.19,飛来Lv.20,＠
飛来Lv.21,飛来Lv.22,飛来Lv.23,飛来Lv.24,飛来Lv.25,飛来Lv.26,飛来Lv.27,飛来Lv.28,飛来Lv.29,飛来Lv.30,飛来Lv.31,飛来Lv.32,飛来Lv.33,飛来Lv.34,飛来Lv.35,飛来Lv.36,飛来Lv.37,飛来Lv.38,飛来Lv.39,飛来Lv.40,＠
飛来Lv.41,飛来Lv.42,飛来Lv.43,飛来Lv.44,飛来Lv.45,飛来Lv.46,飛来Lv.47,飛来Lv.48,飛来Lv.49,飛来Lv.50,飛来Lv.51,飛来Lv.52,飛来Lv.53,飛来Lv.54,飛来Lv.55,飛来Lv.56,飛来Lv.57,飛来Lv.58,飛来Lv.59,飛来Lv.60,＠
侵略Lv.1,侵略Lv.2,侵略Lv.3,侵略Lv.4,侵略Lv.5,侵略Lv.6,侵略Lv.7,侵略Lv.8,侵略Lv.9,侵略Lv.10,侵略Lv.11,侵略Lv.12,侵略Lv.13,侵略Lv.14,侵略Lv.15,侵略Lv.16,侵略Lv.17,侵略Lv.18,侵略Lv.19,侵略Lv.20,＠
侵略Lv.21,侵略Lv.22,侵略Lv.23,侵略Lv.24,侵略Lv.25,侵略Lv.26,侵略Lv.27,侵略Lv.28,侵略Lv.29,侵略Lv.30,侵略Lv.31,侵略Lv.32,侵略Lv.33,侵略Lv.34,侵略Lv.35,侵略Lv.36,侵略Lv.37,侵略Lv.38,侵略Lv.39,侵略Lv.40,＠
侵略Lv.41,侵略Lv.42,侵略Lv.43,侵略Lv.44,侵略Lv.45,侵略Lv.46,侵略Lv.47,侵略Lv.48,侵略Lv.49,侵略Lv.50,侵略Lv.51,侵略Lv.52,侵略Lv.53,侵略Lv.54,侵略Lv.55,侵略Lv.56,侵略Lv.57,侵略Lv.58,侵略Lv.59,侵略Lv.60,＠
